MF_noise,itemCF,UserCF,MF
0.2029197080291971,0.3715894039735099,0.4422516556291391,0.145985401459854
0.2029197080291971,0.338289183222958,0.4032671081677704,0.1828467153284671
0.22445255474452555,0.2959933774834437,0.3543424787133396,0.2136861313868613
0.19927007299270072,0.2656647987773816,0.3191365257259297,0.1942822384428223
0.1508029197080292,0.2336726173337172,0.2797106248200403,0.1477372262773722
