MF_noise,itemCF,UserCF,MF
0.02655645444952515,0.3715894039735099,0.4422516556291391,0.0456911712979247
0.03607105170594443,0.338289183222958,0.4032671081677704,0.0527611677805135
0.030997186071051706,0.2959933774834437,0.3543424787133396,0.0560147731269785
0.02901864227928245,0.2656647987773816,0.3191365257259297,0.058775940907492
0.022951107984523392,0.2336726173337172,0.2797106248200403,0.0519029194512838
