MF_noise,UserCF,itemCF,MF
0.015344280952768068,0.0534019983766688,0.0449412103931054,0.0264002926591334
0.041683602959109015,0.0730419067344254,0.0613706628648319,0.0609706527924559
0.07164051703113568,0.099836200818596,0.0835295656724228,0.1294610194293146
0.10060157710755223,0.1252414005429763,0.1044236375869028,0.2037639216323876
0.13261116982359158,0.1553655893771766,0.1300011213276519,0.2998943175351597
