MF_noise,UserCF,itemCF,MF
0.115736885928393,0.0534019983766688,0.0449412103931054,0.0832639467110741
0.231473771856786,0.0730419067344254,0.0613706628648319,0.2085761865112406
0.5120732722731057,0.099836200818596,0.0835295656724228,0.4875104079933389
0.6819317235636969,0.1252414005429763,0.1044236375869028,0.6648626144879267
0.8601165695253955,0.1553655893771766,0.1300011213276519,0.8426311407160699
